,chain_id,index_chain,paired,pair_type_LW
0,6867,1,,
1,6867,2,,
2,6867,3,,
3,6867,4,20,cWW
4,6867,5,19,cWW
5,6867,6,18,cWW
6,6867,7,17,cWW
7,6867,8,"15,1196","tHW,cWH"
8,6867,9,,
9,6867,10,1201,cWW
10,6867,11,1200,cWW
11,6867,12,1199,cWW
12,6867,13,1198,cWW
13,6867,14,"668,1197","tSW,cWW"
14,6867,15,8,tWH
15,6867,16,1195,tSH
16,6867,17,7,cWW
17,6867,18,6,cWW
18,6867,19,5,cWW
19,6867,20,4,cWW
20,6867,21,,
21,6867,22,652,cWW
22,6867,23,651,cWW
23,6867,24,650,cWW
24,6867,25,649,cWW
25,6867,26,648,cWW
26,6867,27,647,cWW
27,6867,28,646,tWH
28,6867,29,645,cWW
29,6867,30,644,cWW
30,6867,31,,
31,6867,32,,
32,6867,33,,
33,6867,34,521,cWW
34,6867,35,520,cWH
35,6867,36,,
36,6867,37,,
37,6867,38,,
38,6867,39,515,tHS
39,6867,40,514,cWW
40,6867,41,481,cWW
41,6867,42,,
42,6867,43,,
43,6867,44,"482,485","cWS,c.W"
44,6867,45,,
45,6867,46,97,cHS
46,6867,47,479,cWW
47,6867,48,478,cWW
48,6867,49,477,cWW
49,6867,50,"477,488","tHS,tWW"
50,6867,51,"472,476","tHW,cWW"
51,6867,52,475,cWW
52,6867,53,474,cWW
53,6867,54,,
54,6867,55,,
55,6867,56,89,cWW
56,6867,57,,
57,6867,58,88,tHS
58,6867,59,,
59,6867,60,,
60,6867,61,"62,87","cSH,cWW"
61,6867,62,"61,86","cHS,cWW"
62,6867,63,85,cWW
63,6867,64,,
64,6867,65,,
65,6867,66,,
66,6867,67,,
67,6867,68,,
68,6867,69,,
69,6867,70,,
70,6867,71,80,cWW
71,6867,72,79,cWW
72,6867,73,,
73,6867,74,,
74,6867,75,,
75,6867,76,,
76,6867,77,,
77,6867,78,,
78,6867,79,72,cWW
79,6867,80,71,cWW
80,6867,81,,
81,6867,82,,
82,6867,83,,
83,6867,84,150,cWS
84,6867,85,63,cWW
85,6867,86,62,cWW
86,6867,87,61,cWW
87,6867,88,58,tSH
88,6867,89,56,cWW
89,6867,90,,
90,6867,91,,
91,6867,92,443,tHW
92,6867,93,,
93,6867,94,,
94,6867,95,435,cWW
95,6867,96,434,cWW
96,6867,97,"46,433","cSH,cWW"
97,6867,98,"99,432","cSH,cWW"
98,6867,99,98,cHS
99,6867,100,,
100,6867,101,,
101,6867,102,406,tHW
102,6867,103,,
103,6867,104,352,cHH
104,6867,105,,
105,6867,106,355,cWW
106,6867,107,354,cWW
107,6867,108,"353,854","cWW,tSS"
108,6867,109,352,cWW
109,6867,110,,
110,6867,111,350,cWW
111,6867,112,349,cWW
112,6867,113,,
113,6867,114,,
114,6867,115,348,cWW
115,6867,116,347,cWW
116,6867,117,346,cWW
117,6867,118,,
118,6867,119,346,cWW
119,6867,120,,
120,6867,121,343,cWW
121,6867,122,342,cWW
122,6867,123,"340,341","cWW,cWW"
123,6867,124,,
124,6867,125,,
125,6867,126,,
126,6867,127,,
127,6867,128,"182,184","tWW,cHW"
128,6867,129,,
129,6867,130,,
130,6867,131,,
131,6867,132,,
132,6867,133,,
133,6867,134,185,cWH
134,6867,135,,
135,6867,136,,
136,6867,137,,
137,6867,138,,
138,6867,139,,
139,6867,140,,
140,6867,141,,
141,6867,142,,
142,6867,143,,
143,6867,144,,
144,6867,145,"146,175","cSH,cWW"
145,6867,146,"145,174","cHS,cWW"
146,6867,147,170,tWH
147,6867,148,170,tWH
148,6867,149,169,tHW
149,6867,150,"84,168","cSW,tHW"
150,6867,151,167,cWW
151,6867,152,166,cWW
152,6867,153,165,cWW
153,6867,154,164,cWW
154,6867,155,163,cWW
155,6867,156,162,cWW
156,6867,157,,
157,6867,158,,
158,6867,159,,
159,6867,160,,
160,6867,161,,
161,6867,162,156,cWW
162,6867,163,155,cWW
163,6867,164,154,cWW
164,6867,165,153,cWW
165,6867,166,152,cWW
166,6867,167,151,cWW
167,6867,168,150,tWH
168,6867,169,149,tWH
169,6867,170,"147,148","tHW,tHW"
170,6867,171,,
171,6867,172,,
172,6867,173,,
173,6867,174,146,cWW
174,6867,175,145,cWW
175,6867,176,,
176,6867,177,,
177,6867,178,,
178,6867,179,,
179,6867,180,,
180,6867,181,,
181,6867,182,128,tWW
182,6867,183,,
183,6867,184,128,cWH
184,6867,185,"134,214","cHW,cWW"
185,6867,186,213,cWW
186,6867,187,212,cWW
187,6867,188,211,cWW
188,6867,189,211,cWW
189,6867,190,,
190,6867,191,,
191,6867,192,207,cWW
192,6867,193,206,cWW
193,6867,194,205,cWW
194,6867,195,204,cWW
195,6867,196,203,cWW
196,6867,197,202,cWW
197,6867,198,,
198,6867,199,,
199,6867,200,,
200,6867,201,,
201,6867,202,197,cWW
202,6867,203,196,cWW
203,6867,204,195,cWW
204,6867,205,194,cWW
205,6867,206,193,cWW
206,6867,207,"192,210","cWW,cSH"
207,6867,208,,
208,6867,209,,
209,6867,210,207,cHS
210,6867,211,"188,189","cWW,cWW"
211,6867,212,187,cWW
212,6867,213,186,cWW
213,6867,214,185,cWW
214,6867,215,,
215,6867,216,,
216,6867,217,,
217,6867,218,303,cWW
218,6867,219,302,cWW
219,6867,220,301,cWW
220,6867,221,300,cWW
221,6867,222,299,cWW
222,6867,223,298,cWW
223,6867,224,297,cWW
224,6867,225,,
225,6867,226,,
226,6867,227,,
227,6867,228,,
228,6867,229,,
229,6867,230,899,cWW
230,6867,231,"889,898","cHW,cWW"
231,6867,232,"890,896,897","cHH,cWH,cWW"
232,6867,233,,
233,6867,234,895,cWW
234,6867,235,893,cWW
235,6867,236,892,cWW
236,6867,237,891,cWW
237,6867,238,,
238,6867,239,,
239,6867,240,,
240,6867,241,,
241,6867,242,,
242,6867,243,,
243,6867,244,,
244,6867,245,,
245,6867,246,,
246,6867,247,,
247,6867,248,,
248,6867,249,,
249,6867,250,,
250,6867,251,,
251,6867,252,,
252,6867,253,,
253,6867,254,,
254,6867,255,,
255,6867,256,,
256,6867,257,,
257,6867,258,,
258,6867,259,,
259,6867,260,,
260,6867,261,,
261,6867,262,,
262,6867,263,,
263,6867,264,,
264,6867,265,,
265,6867,266,,
266,6867,267,,
267,6867,268,,
268,6867,269,,
269,6867,270,,
270,6867,271,,
271,6867,272,,
272,6867,273,,
273,6867,274,,
274,6867,275,,
275,6867,276,,
276,6867,277,,
277,6867,278,,
278,6867,279,,
279,6867,280,,
280,6867,281,,
281,6867,282,,
282,6867,283,,
283,6867,284,,
284,6867,285,,
285,6867,286,,
286,6867,287,,
287,6867,288,,
288,6867,289,,
289,6867,290,,
290,6867,291,,
291,6867,292,,
292,6867,293,,
293,6867,294,,
294,6867,295,,
295,6867,296,,
296,6867,297,224,cWW
297,6867,298,223,cWW
298,6867,299,222,cWW
299,6867,300,221,cWW
300,6867,301,220,cWW
301,6867,302,219,cWW
302,6867,303,218,cWW
303,6867,304,,
304,6867,305,,
305,6867,306,,
306,6867,307,,
307,6867,308,,
308,6867,309,,
309,6867,310,,
310,6867,311,,
311,6867,312,338,cHW
312,6867,313,,
313,6867,314,,
314,6867,315,336,cWW
315,6867,316,334,cWW
316,6867,317,333,cWW
317,6867,318,,
318,6867,319,332,cWW
319,6867,320,"331,332","cWW,cWW"
320,6867,321,330,cWW
321,6867,322,329,cWW
322,6867,323,327,tWH
323,6867,324,,
324,6867,325,,
325,6867,326,,
326,6867,327,323,tHW
327,6867,328,,
328,6867,329,322,cWW
329,6867,330,321,cWW
330,6867,331,320,cWW
331,6867,332,"319,320","cWW,cWW"
332,6867,333,317,cWW
333,6867,334,316,cWW
334,6867,335,,
335,6867,336,315,cWW
336,6867,337,,
337,6867,338,312,cWH
338,6867,339,,
339,6867,340,123,cWW
340,6867,341,123,cWW
341,6867,342,"122,343","cWW,cWH"
342,6867,343,"121,342","cWW,cHW"
343,6867,344,,
344,6867,345,,
345,6867,346,"117,119","cWW,cWW"
346,6867,347,116,cWW
347,6867,348,115,cWW
348,6867,349,112,cWW
349,6867,350,111,cWW
350,6867,351,,
351,6867,352,"104,109","cHH,cWW"
352,6867,353,108,cWW
353,6867,354,107,cWW
354,6867,355,106,cWW
355,6867,356,,
356,6867,357,405,cWW
357,6867,358,404,cWW
358,6867,359,403,cWW
359,6867,360,401,tWH
360,6867,361,"1173,1174","cWW,cWW"
361,6867,362,402,cWW
362,6867,363,400,tHS
363,6867,364,396,cWW
364,6867,365,395,cWW
365,6867,366,394,cWW
366,6867,367,,
367,6867,368,,
368,6867,369,,
369,6867,370,"373,391","cWH,c.W"
370,6867,371,393,cWW
371,6867,372,392,cWW
372,6867,373,"370,391","cHW,cWW"
373,6867,374,"385,390","cHH,cWW"
374,6867,375,389,cWW
375,6867,376,388,cWW
376,6867,377,387,cWW
377,6867,378,386,cWW
378,6867,379,,
379,6867,380,,
380,6867,381,,
381,6867,382,,
382,6867,383,,
383,6867,384,,
384,6867,385,"374,390","cHH,tW."
385,6867,386,378,cWW
386,6867,387,377,cWW
387,6867,388,376,cWW
388,6867,389,375,cWW
389,6867,390,"374,385","cWW,t.W"
390,6867,391,"370,373","cW.,cWW"
391,6867,392,372,cWW
392,6867,393,371,cWW
393,6867,394,366,cWW
394,6867,395,365,cWW
395,6867,396,364,cWW
396,6867,397,,
397,6867,398,,
398,6867,399,,
399,6867,400,363,tSH
400,6867,401,360,tHW
401,6867,402,362,cWW
402,6867,403,359,cWW
403,6867,404,358,cWW
404,6867,405,357,cWW
405,6867,406,102,tWH
406,6867,407,,
407,6867,408,,
408,6867,409,432,cWS
409,6867,410,430,cWW
410,6867,411,429,cWW
411,6867,412,"425,812","tHW,tSW"
412,6867,413,424,cWW
413,6867,414,423,cWW
414,6867,415,422,cWW
415,6867,416,421,cWW
416,6867,417,,
417,6867,418,,
418,6867,419,662,cWH
419,6867,420,661,cSW
420,6867,421,416,cWW
421,6867,422,415,cWW
422,6867,423,414,cWW
423,6867,424,413,cWW
424,6867,425,412,tWH
425,6867,426,,
426,6867,427,,
427,6867,428,,
428,6867,429,"411,811","cWW,cSW"
429,6867,430,410,cWW
430,6867,431,,
431,6867,432,"98,409","cWW,cSW"
432,6867,433,97,cWW
433,6867,434,"96,473","cWW,tSW"
434,6867,435,95,cWW
435,6867,436,457,cWW
436,6867,437,456,cWW
437,6867,438,455,cWW
438,6867,439,454,cWW
439,6867,440,453,cWW
440,6867,441,452,cWW
441,6867,442,449,tWH
442,6867,443,92,tWH
443,6867,444,,
444,6867,445,,
445,6867,446,,
446,6867,447,,
447,6867,448,,
448,6867,449,442,tHW
449,6867,450,,
450,6867,451,,
451,6867,452,441,cWW
452,6867,453,440,cWW
453,6867,454,439,cWW
454,6867,455,438,cWW
455,6867,456,437,cWW
456,6867,457,436,cWW
457,6867,458,471,cWW
458,6867,459,470,cWW
459,6867,460,,
460,6867,461,468,cWW
461,6867,462,467,cWW
462,6867,463,466,tWW
463,6867,464,,
464,6867,465,,
465,6867,466,463,tWW
466,6867,467,462,cWW
467,6867,468,461,cWW
468,6867,469,,
469,6867,470,459,cWW
470,6867,471,458,cWW
471,6867,472,"51,475,476","tWH,tSH,cWH"
472,6867,473,434,tWS
473,6867,474,53,cWW
474,6867,475,"52,472","cWW,tHS"
475,6867,476,"51,472","cWW,cHW"
476,6867,477,"49,50","cWW,tSH"
477,6867,478,48,cWW
478,6867,479,47,cWW
479,6867,480,,
480,6867,481,41,cWW
481,6867,482,44,cSW
482,6867,483,,
483,6867,484,,
484,6867,485,44,cW.
485,6867,486,513,cSW
486,6867,487,512,cWW
487,6867,488,50,tWW
488,6867,489,511,cWW
489,6867,490,510,cWW
490,6867,491,509,cWW
491,6867,492,508,tWH
492,6867,493,"509,510","cW.,cWS"
493,6867,494,,
494,6867,495,508,cWW
495,6867,496,506,cWW
496,6867,497,505,cWW
497,6867,498,504,cWW
498,6867,499,,
499,6867,500,,
500,6867,501,,
501,6867,502,,
502,6867,503,,
503,6867,504,498,cWW
504,6867,505,497,cWW
505,6867,506,496,cWW
506,6867,507,,
507,6867,508,"492,495","tHW,cWW"
508,6867,509,"491,493","cWW,c.W"
509,6867,510,"490,493","cWW,cSW"
510,6867,511,489,cWW
511,6867,512,487,cWW
512,6867,513,486,cWS
513,6867,514,40,cWW
514,6867,515,39,tSH
515,6867,516,,
516,6867,517,,
517,6867,518,,
518,6867,519,,
519,6867,520,35,cHW
520,6867,521,34,cWW
521,6867,522,,
522,6867,523,,
523,6867,524,,
524,6867,525,,
525,6867,526,559,cWW
526,6867,527,558,cWW
527,6867,528,557,cWW
528,6867,529,,
529,6867,530,555,cWW
530,6867,531,553,cWW
531,6867,532,552,cWW
532,6867,533,551,cWW
533,6867,534,550,cWW
534,6867,535,549,cWW
535,6867,536,548,cWW
536,6867,537,546,cWW
537,6867,538,"545,546","cWW,cWS"
538,6867,539,544,cWW
539,6867,540,,
540,6867,541,,
541,6867,542,,
542,6867,543,,
543,6867,544,539,cWW
544,6867,545,538,cWW
545,6867,546,"537,538","cWW,cSW"
546,6867,547,,
547,6867,548,536,cWW
548,6867,549,535,cWW
549,6867,550,534,cWW
550,6867,551,533,cWW
551,6867,552,532,cWW
552,6867,553,531,cWW
553,6867,554,,
554,6867,555,530,cWW
555,6867,556,,
556,6867,557,528,cWW
557,6867,558,527,cWW
558,6867,559,526,cWW
559,6867,560,,
560,6867,561,,
561,6867,562,,
562,6867,563,"587,592","tHS,cWW"
563,6867,564,"586,587","cWW,tWS"
564,6867,565,585,cWW
565,6867,566,"583,584","cWW,cWW"
566,6867,567,584,tWS
567,6867,568,582,cWW
568,6867,569,581,cWW
569,6867,570,578,tHW
570,6867,571,580,tHW
571,6867,572,,
572,6867,573,,
573,6867,574,,
574,6867,575,,
575,6867,576,,
576,6867,577,579,cWH
577,6867,578,570,tWH
578,6867,579,577,cHW
579,6867,580,571,tWH
580,6867,581,569,cWW
581,6867,582,568,cWW
582,6867,583,566,cWW
583,6867,584,"566,567","cWW,tSW"
584,6867,585,565,cWW
585,6867,586,564,cWW
586,6867,587,"563,564","tSH,tSW"
587,6867,588,,
588,6867,589,,
589,6867,590,,
590,6867,591,,
591,6867,592,563,cWW
592,6867,593,,
593,6867,594,,
594,6867,595,641,cWW
595,6867,596,640,cWW
596,6867,597,639,cWW
597,6867,598,638,cWW
598,6867,599,637,cWW
599,6867,600,622,cWW
600,6867,601,621,cWW
601,6867,602,,
602,6867,603,,
603,6867,604,,
604,6867,605,,
605,6867,606,,
606,6867,607,,
607,6867,608,635,cWW
608,6867,609,634,cWW
609,6867,610,633,cWW
610,6867,611,632,cWW
611,6867,612,629,tWH
612,6867,613,,
613,6867,614,,
614,6867,615,,
615,6867,616,,
616,6867,617,624,cWW
617,6867,618,623,cWW
618,6867,619,,
619,6867,620,,
620,6867,621,601,cWW
621,6867,622,600,cWW
622,6867,623,"618,631","cWW,tSW"
623,6867,624,617,cWW
624,6867,625,,
625,6867,626,,
626,6867,627,,
627,6867,628,,
628,6867,629,612,tHW
629,6867,630,,
630,6867,631,623,tWS
631,6867,632,611,cWW
632,6867,633,610,cWW
633,6867,634,609,cWW
634,6867,635,608,cWW
635,6867,636,,
636,6867,637,599,cWW
637,6867,638,598,cWW
638,6867,639,597,cWW
639,6867,640,596,cWW
640,6867,641,595,cWW
641,6867,642,,
642,6867,643,,
643,6867,644,30,cWW
644,6867,645,29,cWW
645,6867,646,28,tHW
646,6867,647,27,cWW
647,6867,648,26,cWW
648,6867,649,25,cWW
649,6867,650,24,cWW
650,6867,651,23,cWW
651,6867,652,22,cWW
652,6867,653,,
653,6867,654,,
654,6867,655,,
655,6867,656,1156,cWW
656,6867,657,,
657,6867,658,,
658,6867,659,1165,tWH
659,6867,660,,
660,6867,661,420,cWS
661,6867,662,419,cHW
662,6867,663,1164,cWW
663,6867,664,1163,cWW
664,6867,665,1162,cWW
665,6867,666,1145,cWW
666,6867,667,1144,cWW
667,6867,668,"14,1197","tWS,cSS"
668,6867,669,,
669,6867,670,,
670,6867,671,,
671,6867,672,,
672,6867,673,1032,cWW
673,6867,674,1031,cWW
674,6867,675,1030,cWW
675,6867,676,1029,cWW
676,6867,677,1028,tSH
677,6867,678,,
678,6867,679,,
679,6867,680,"1025,1026","cWW,cWW"
680,6867,681,1024,cWW
681,6867,682,1023,cWW
682,6867,683,,
683,6867,684,918,cWW
684,6867,685,917,cWW
685,6867,686,,
686,6867,687,,
687,6867,688,,
688,6867,689,,
689,6867,690,741,cWW
690,6867,691,740,cWW
691,6867,692,"693,739","cSH,cWW"
692,6867,693,692,cHS
693,6867,694,738,cWW
694,6867,695,737,cWW
695,6867,696,736,cWW
696,6867,697,,
697,6867,698,,
698,6867,699,,
699,6867,700,,
700,6867,701,,
701,6867,702,,
702,6867,703,,
703,6867,704,,
704,6867,705,,
705,6867,706,,
706,6867,707,,
707,6867,708,,
708,6867,709,,
709,6867,710,,
710,6867,711,,
711,6867,712,,
712,6867,713,,
713,6867,714,,
714,6867,715,,
715,6867,716,,
716,6867,717,,
717,6867,718,,
718,6867,719,,
719,6867,720,,
720,6867,721,,
721,6867,722,,
722,6867,723,,
723,6867,724,,
724,6867,725,,
725,6867,726,,
726,6867,727,,
727,6867,728,,
728,6867,729,,
729,6867,730,,
730,6867,731,,
731,6867,732,,
732,6867,733,,
733,6867,734,,
734,6867,735,,
735,6867,736,696,cWW
736,6867,737,695,cWW
737,6867,738,694,cWW
738,6867,739,692,cWW
739,6867,740,691,cWW
740,6867,741,690,cWW
741,6867,742,,
742,6867,743,,
743,6867,744,,
744,6867,745,,
745,6867,746,,
746,6867,747,,
747,6867,748,,
748,6867,749,794,cWW
749,6867,750,793,cWW
750,6867,751,792,cWW
751,6867,752,791,cWW
752,6867,753,,
753,6867,754,790,cWW
754,6867,755,789,cWW
755,6867,756,,
756,6867,757,,
757,6867,758,,
758,6867,759,,
759,6867,760,,
760,6867,761,,
761,6867,762,,
762,6867,763,,
763,6867,764,,
764,6867,765,,
765,6867,766,,
766,6867,767,,
767,6867,768,,
768,6867,769,,
769,6867,770,,
770,6867,771,,
771,6867,772,,
772,6867,773,,
773,6867,774,,
774,6867,775,,
775,6867,776,,
776,6867,777,,
777,6867,778,,
778,6867,779,,
779,6867,780,,
780,6867,781,,
781,6867,782,,
782,6867,783,,
783,6867,784,,
784,6867,785,,
785,6867,786,,
786,6867,787,,
787,6867,788,,
788,6867,789,755,cWW
789,6867,790,754,cWW
790,6867,791,752,cWW
791,6867,792,751,cWW
792,6867,793,750,cWW
793,6867,794,749,cWW
794,6867,795,,
795,6867,796,,
796,6867,797,,
797,6867,798,,
798,6867,799,,
799,6867,800,,
800,6867,801,,
801,6867,802,,
802,6867,803,"860,862","cWW,c.W"
803,6867,804,859,cWW
804,6867,805,858,cWW
805,6867,806,,
806,6867,807,856,cWW
807,6867,808,,
808,6867,809,,
809,6867,810,,
810,6867,811,429,cWS
811,6867,812,412,tWS
812,6867,813,,
813,6867,814,,
814,6867,815,849,cWW
815,6867,816,848,cWW
816,6867,817,847,tSH
817,6867,818,,
818,6867,819,829,cWW
819,6867,820,828,cWW
820,6867,821,,
821,6867,822,826,tWH
822,6867,823,,
823,6867,824,,
824,6867,825,,
825,6867,826,822,tHW
826,6867,827,,
827,6867,828,820,cWW
828,6867,829,819,cWW
829,6867,830,844,tWW
830,6867,831,843,cWW
831,6867,832,842,cWW
832,6867,833,841,cWW
833,6867,834,,
834,6867,835,,
835,6867,836,,
836,6867,837,,
837,6867,838,,
838,6867,839,,
839,6867,840,,
840,6867,841,833,cWW
841,6867,842,832,cWW
842,6867,843,831,cWW
843,6867,844,830,tWW
844,6867,845,,
845,6867,846,,
846,6867,847,817,tHS
847,6867,848,816,cWW
848,6867,849,815,cWW
849,6867,850,,
850,6867,851,,
851,6867,852,,
852,6867,853,,
853,6867,854,108,tSS
854,6867,855,,
855,6867,856,807,cWW
856,6867,857,,
857,6867,858,805,cWW
858,6867,859,804,cWW
859,6867,860,803,cWW
860,6867,861,,
861,6867,862,803,cW.
862,6867,863,,
863,6867,864,,
864,6867,865,,
865,6867,866,,
866,6867,867,,
867,6867,868,,
868,6867,869,872,cSH
869,6867,870,,
870,6867,871,,
871,6867,872,869,cHS
872,6867,873,,
873,6867,874,,
874,6867,875,,
875,6867,876,911,cWW
876,6867,877,909,cWW
877,6867,878,908,cWW
878,6867,879,907,cWW
879,6867,880,906,cWW
880,6867,881,905,cWW
881,6867,882,904,cWW
882,6867,883,903,cWW
883,6867,884,902,cWW
884,6867,885,"900,901","cWW,cWW"
885,6867,886,,
886,6867,887,,
887,6867,888,,
888,6867,889,231,cWH
889,6867,890,232,cHH
890,6867,891,237,cWW
891,6867,892,236,cWW
892,6867,893,235,cWW
893,6867,894,,
894,6867,895,234,cWW
895,6867,896,232,cHW
896,6867,897,232,cWW
897,6867,898,231,cWW
898,6867,899,230,cWW
899,6867,900,885,cWW
900,6867,901,885,cWW
901,6867,902,884,cWW
902,6867,903,883,cWW
903,6867,904,882,cWW
904,6867,905,881,cWW
905,6867,906,880,cWW
906,6867,907,879,cWW
907,6867,908,878,cWW
908,6867,909,877,cWW
909,6867,910,,
910,6867,911,876,cWW
911,6867,912,,
912,6867,913,,
913,6867,914,,
914,6867,915,,
915,6867,916,,
916,6867,917,685,cWW
917,6867,918,684,cWW
918,6867,919,,
919,6867,920,1021,tHW
920,6867,921,,
921,6867,922,"1020,1022","tWS,cWW"
922,6867,923,1019,cWW
923,6867,924,1018,cWW
924,6867,925,1017,cWW
925,6867,926,1015,cWW
926,6867,927,1014,cWW
927,6867,928,1013,cWW
928,6867,929,"1011,1012","cW.,cWW"
929,6867,930,1010,cWW
930,6867,931,1010,cWW
931,6867,932,1009,cWW
932,6867,933,,
933,6867,934,1008,cWW
934,6867,935,1007,cWW
935,6867,936,1006,cWW
936,6867,937,1005,cWW
937,6867,938,1004,cWW
938,6867,939,1003,cWW
939,6867,940,1002,cWW
940,6867,941,985,cWW
941,6867,942,984,cWW
942,6867,943,,
943,6867,944,982,cWW
944,6867,945,981,cWW
945,6867,946,980,cWW
946,6867,947,979,cWW
947,6867,948,978,cWW
948,6867,949,977,cWW
949,6867,950,976,cWW
950,6867,951,975,cWW
951,6867,952,974,cWW
952,6867,953,,
953,6867,954,,
954,6867,955,,
955,6867,956,"967,972","cWW,tSW"
956,6867,957,966,cWW
957,6867,958,964,tHH
958,6867,959,,
959,6867,960,,
960,6867,961,,
961,6867,962,,
962,6867,963,,
963,6867,964,958,tHH
964,6867,965,1065,t.S
965,6867,966,957,cWW
966,6867,967,956,cWW
967,6867,968,,
968,6867,969,,
969,6867,970,,
970,6867,971,,
971,6867,972,956,tWS
972,6867,973,,
973,6867,974,952,cWW
974,6867,975,951,cWW
975,6867,976,950,cWW
976,6867,977,949,cWW
977,6867,978,948,cWW
978,6867,979,947,cWW
979,6867,980,946,cWW
980,6867,981,945,cWW
981,6867,982,"944,1045","cWW,tSS"
982,6867,983,,
983,6867,984,942,cWW
984,6867,985,941,cWW
985,6867,986,,
986,6867,987,,
987,6867,988,,
988,6867,989,,
989,6867,990,1001,tWW
990,6867,991,,
991,6867,992,,
992,6867,993,1000,cWW
993,6867,994,999,cWW
994,6867,995,998,tWH
995,6867,996,,
996,6867,997,,
997,6867,998,995,tHW
998,6867,999,994,cWW
999,6867,1000,993,cWW
1000,6867,1001,990,tWW
1001,6867,1002,940,cWW
1002,6867,1003,939,cWW
1003,6867,1004,938,cWW
1004,6867,1005,937,cWW
1005,6867,1006,936,cWW
1006,6867,1007,935,cWW
1007,6867,1008,934,cWW
1008,6867,1009,932,cWW
1009,6867,1010,"930,931","cWW,cWW"
1010,6867,1011,929,c.W
1011,6867,1012,929,cWW
1012,6867,1013,928,cWW
1013,6867,1014,927,cWW
1014,6867,1015,926,cWW
1015,6867,1016,,
1016,6867,1017,925,cWW
1017,6867,1018,924,cWW
1018,6867,1019,923,cWW
1019,6867,1020,922,tSW
1020,6867,1021,920,tWH
1021,6867,1022,922,cWW
1022,6867,1023,682,cWW
1023,6867,1024,681,cWW
1024,6867,1025,680,cWW
1025,6867,1026,680,cWW
1026,6867,1027,,
1027,6867,1028,677,tHS
1028,6867,1029,676,cWW
1029,6867,1030,675,cWW
1030,6867,1031,674,cWW
1031,6867,1032,673,cWW
1032,6867,1033,1084,cSW
1033,6867,1034,1081,tHW
1034,6867,1035,1843,tSS
1035,6867,1036,,
1036,6867,1037,"1078,1079,1181","cWW,cWW,cSW"
1037,6867,1038,1077,cWW
1038,6867,1039,1076,cWW
1039,6867,1040,1075,cWW
1040,6867,1041,1074,cWW
1041,6867,1042,1073,cWW
1042,6867,1043,1072,tWH
1043,6867,1044,,
1044,6867,1045,982,tSS
1045,6867,1046,1072,cWW
1046,6867,1047,1071,cWW
1047,6867,1048,1070,tSH
1048,6867,1049,,
1049,6867,1050,1068,tHS
1050,6867,1051,1067,cWW
1051,6867,1052,1066,cWW
1052,6867,1053,,
1053,6867,1054,1064,cWW
1054,6867,1055,,
1055,6867,1056,,
1056,6867,1057,,
1057,6867,1058,0,tHW
1058,6867,1059,,
1059,6867,1060,,
1060,6867,1061,,
1061,6867,1062,,
1062,6867,1063,,
1063,6867,1064,1054,cWW
1064,6867,1065,965,tS.
1065,6867,1066,1052,cWW
1066,6867,1067,1051,cWW
1067,6867,1068,1050,tSH
1068,6867,1069,,
1069,6867,1070,1048,tHS
1070,6867,1071,1047,cWW
1071,6867,1072,"1043,1046","tHW,cWW"
1072,6867,1073,1042,cWW
1073,6867,1074,1041,cWW
1074,6867,1075,1040,cWW
1075,6867,1076,1039,cWW
1076,6867,1077,1038,cWW
1077,6867,1078,1037,cWW
1078,6867,1079,1037,cWW
1079,6867,1080,,
1080,6867,1081,1034,tWH
1081,6867,1082,,
1082,6867,1083,,
1083,6867,1084,1033,cWS
1084,6867,1085,1861,cWW
1085,6867,1086,,
1086,6867,1087,,
1087,6867,1088,1150,cWH
1088,6867,1089,1160,cWW
1089,6867,1090,1159,cWW
1090,6867,1091,1158,cWW
1091,6867,1092,,
1092,6867,1093,1152,cWW
1093,6867,1094,1151,cWW
1094,6867,1095,1149,tWW
1095,6867,1096,1136,cWW
1096,6867,1097,1135,cWW
1097,6867,1098,1134,cWW
1098,6867,1099,1133,cWW
1099,6867,1100,,
1100,6867,1101,1131,cWW
1101,6867,1102,1130,cWW
1102,6867,1103,1129,cWW
1103,6867,1104,1128,cWW
1104,6867,1105,1127,cWW
1105,6867,1106,1126,cWW
1106,6867,1107,1125,cWW
1107,6867,1108,1124,cWW
1108,6867,1109,,
1109,6867,1110,1123,cWW
1110,6867,1111,1122,cWW
1111,6867,1112,1121,cWW
1112,6867,1113,,
1113,6867,1114,1119,tWW
1114,6867,1115,,
1115,6867,1116,,
1116,6867,1117,,
1117,6867,1118,,
1118,6867,1119,1114,tWW
1119,6867,1120,,
1120,6867,1121,1112,cWW
1121,6867,1122,1111,cWW
1122,6867,1123,1110,cWW
1123,6867,1124,1108,cWW
1124,6867,1125,1107,cWW
1125,6867,1126,1106,cWW
1126,6867,1127,1105,cWW
1127,6867,1128,1104,cWW
1128,6867,1129,1103,cWW
1129,6867,1130,1102,cWW
1130,6867,1131,1101,cWW
1131,6867,1132,,
1132,6867,1133,1099,cWW
1133,6867,1134,1098,cWW
1134,6867,1135,1097,cWW
1135,6867,1136,1096,cWW
1136,6867,1137,1148,tWW
1137,6867,1138,,
1138,6867,1139,1148,tWH
1139,6867,1140,1147,cWW
1140,6867,1141,1146,cWW
1141,6867,1142,1145,tSH
1142,6867,1143,1198,tSS
1143,6867,1144,667,cWW
1144,6867,1145,"666,1142","cWW,tHS"
1145,6867,1146,1141,cWW
1146,6867,1147,1140,cWW
1147,6867,1148,"1137,1139","tWW,tHW"
1148,6867,1149,1095,tWW
1149,6867,1150,1088,cHW
1150,6867,1151,1094,cWW
1151,6867,1152,1093,cWW
1152,6867,1153,,
1153,6867,1154,,
1154,6867,1155,,
1155,6867,1156,656,cWW
1156,6867,1157,,
1157,6867,1158,1091,cWW
1158,6867,1159,1090,cWW
1159,6867,1160,1089,cWW
1160,6867,1161,,
1161,6867,1162,665,cWW
1162,6867,1163,664,cWW
1163,6867,1164,663,cWW
1164,6867,1165,659,tHW
1165,6867,1166,1193,cWW
1166,6867,1167,1192,cWW
1167,6867,1168,1191,cWW
1168,6867,1169,1190,tSH
1169,6867,1170,,
1170,6867,1171,1172,cSH
1171,6867,1172,"1171,1188","cHS,tWH"
1172,6867,1173,"361,1187","cWW,tHS"
1173,6867,1174,361,cWW
1174,6867,1175,1186,cWW
1175,6867,1176,1185,cWW
1176,6867,1177,1184,cWW
1177,6867,1178,1183,cWW
1178,6867,1179,1182,tSH
1179,6867,1180,,
1180,6867,1181,1037,cWS
1181,6867,1182,1179,tHS
1182,6867,1183,1178,cWW
1183,6867,1184,1177,cWW
1184,6867,1185,1176,cWW
1185,6867,1186,1175,cWW
1186,6867,1187,1173,tSH
1187,6867,1188,1172,tHW
1188,6867,1189,,
1189,6867,1190,1169,tHS
1190,6867,1191,1168,cWW
1191,6867,1192,1167,cWW
1192,6867,1193,1166,cWW
1193,6867,1194,,
1194,6867,1195,16,tHS
1195,6867,1196,8,cHW
1196,6867,1197,"14,668","cWW,cSS"
1197,6867,1198,"13,1143","cWW,tSS"
1198,6867,1199,12,cWW
1199,6867,1200,11,cWW
1200,6867,1201,10,cWW
1201,6867,1202,1697,cWW
1202,6867,1203,"1696,1699","cHW,tHS"
1203,6867,1204,1694,cWW
1204,6867,1205,"1693,1834","cWW,tSH"
1205,6867,1206,1692,cWW
1206,6867,1207,,
1207,6867,1208,1691,cWW
1208,6867,1209,,
1209,6867,1210,,
1210,6867,1211,1689,cWW
1211,6867,1212,1688,cWW
1212,6867,1213,1686,cWW
1213,6867,1214,1685,cWW
1214,6867,1215,1220,tWW
1215,6867,1216,,
1216,6867,1217,"1681,1685","cWW,cSW"
1217,6867,1218,1680,cWW
1218,6867,1219,,
1219,6867,1220,1215,tWW
1220,6867,1221,1645,cWW
1221,6867,1222,1644,cWW
1222,6867,1223,1643,cWW
1223,6867,1224,1642,cWW
1224,6867,1225,1641,cWW
1225,6867,1226,1640,tSH
1226,6867,1227,1531,cWW
1227,6867,1228,1530,cWW
1228,6867,1229,1529,cWW
1229,6867,1230,1528,cWW
1230,6867,1231,1527,cWW
1231,6867,1232,1526,cWW
1232,6867,1233,"1252,1525","cSS,cWW"
1233,6867,1234,1524,cWW
1234,6867,1235,1523,cWW
1235,6867,1236,1521,cWW
1236,6867,1237,1520,cWW
1237,6867,1238,1242,tWW
1238,6867,1239,1241,tSH
1239,6867,1240,,
1240,6867,1241,"1239,1267,1516","tHS,cSS,tWS"
1241,6867,1242,1238,tWW
1242,6867,1243,,
1243,6867,1244,,
1244,6867,1245,1254,cWW
1245,6867,1246,,
1246,6867,1247,,
1247,6867,1248,,
1248,6867,1249,,
1249,6867,1250,,
1250,6867,1251,,
1251,6867,1252,1233,cSS
1252,6867,1253,,
1253,6867,1254,1245,cWW
1254,6867,1255,,
1255,6867,1256,,
1256,6867,1257,,
1257,6867,1258,,
1258,6867,1259,,
1259,6867,1260,1617,tWS
1260,6867,1261,1618,tWH
1261,6867,1262,,
1262,6867,1263,1517,cHW
1263,6867,1264,,
1264,6867,1265,,
1265,6867,1266,1516,cWW
1266,6867,1267,"1241,1515","cSS,cWW"
1267,6867,1268,1514,cWW
1268,6867,1269,"1298,1513","cSW,cWW"
1269,6867,1270,1512,cWW
1270,6867,1271,1511,cWW
1271,6867,1272,1510,cWW
1272,6867,1273,,
1273,6867,1274,,
1274,6867,1275,,
1275,6867,1276,"1279,1318","tHH,tHH"
1276,6867,1277,1320,cWW
1277,6867,1278,1319,cWW
1278,6867,1279,"1276,1318","tHH,cWW"
1279,6867,1280,1317,cWW
1280,6867,1281,,
1281,6867,1282,1316,cWW
1282,6867,1283,,
1283,6867,1284,,
1284,6867,1285,,
1285,6867,1286,,
1286,6867,1287,,
1287,6867,1288,,
1288,6867,1289,1310,cHW
1289,6867,1290,1309,cWW
1290,6867,1291,1308,cWW
1291,6867,1292,1302,cHH
1292,6867,1293,,
1293,6867,1294,1305,cWW
1294,6867,1295,1304,cWW
1295,6867,1296,1303,cWH
1296,6867,1297,,
1297,6867,1298,1269,cWS
1298,6867,1299,,
1299,6867,1300,,
1300,6867,1301,,
1301,6867,1302,"1292,1307","cHH,tWW"
1302,6867,1303,1296,cHW
1303,6867,1304,1295,cWW
1304,6867,1305,1294,cWW
1305,6867,1306,,
1306,6867,1307,1302,tWW
1307,6867,1308,1291,cWW
1308,6867,1309,1290,cWW
1309,6867,1310,1289,cWH
1310,6867,1311,,
1311,6867,1312,,
1312,6867,1313,,
1313,6867,1314,,
1314,6867,1315,,
1315,6867,1316,1282,cWW
1316,6867,1317,1280,cWW
1317,6867,1318,"1276,1279","tHH,cWW"
1318,6867,1319,1278,cWW
1319,6867,1320,1277,cWW
1320,6867,1321,,
1321,6867,1322,,
1322,6867,1323,1505,cWW
1323,6867,1324,1504,cWW
1324,6867,1325,1503,cWW
1325,6867,1326,,
1326,6867,1327,1502,cWW
1327,6867,1328,1501,cWW
1328,6867,1329,1500,cWW
1329,6867,1330,1334,cWH
1330,6867,1331,,
1331,6867,1332,"1493,1499","tHW,cWW"
1332,6867,1333,1498,cWW
1333,6867,1334,"1330,1496","cHW,cW."
1334,6867,1335,1492,cWW
1335,6867,1336,1491,cWW
1336,6867,1337,1490,cWW
1337,6867,1338,1488,cWW
1338,6867,1339,1487,cWW
1339,6867,1340,1486,cWW
1340,6867,1341,1485,tWW
1341,6867,1342,,
1342,6867,1343,,
1343,6867,1344,,
1344,6867,1345,1384,cWW
1345,6867,1346,1383,cWW
1346,6867,1347,1382,cWW
1347,6867,1348,1381,cWW
1348,6867,1349,"1361,1380","tH.,cWW"
1349,6867,1350,1379,cWW
1350,6867,1351,"1360,1378","cWW,tSW"
1351,6867,1352,1359,cWW
1352,6867,1353,1358,cWW
1353,6867,1354,1357,tWH
1354,6867,1355,,
1355,6867,1356,,
1356,6867,1357,1354,tHW
1357,6867,1358,1353,cWW
1358,6867,1359,1352,cWW
1359,6867,1360,1351,cWW
1360,6867,1361,"1349,1380","t.H,cSH"
1361,6867,1362,,
1362,6867,1363,1375,cHW
1363,6867,1364,"1375,1376","cW.,cWS"
1364,6867,1365,1374,cWW
1365,6867,1366,"1373,1465","cWW,tSW"
1366,6867,1367,1372,cWW
1367,6867,1368,1370,tWH
1368,6867,1369,,
1369,6867,1370,1368,tHW
1370,6867,1371,,
1371,6867,1372,1367,cWW
1372,6867,1373,1366,cWW
1373,6867,1374,1365,cWW
1374,6867,1375,"1363,1364","cWH,c.W"
1375,6867,1376,1364,cSW
1376,6867,1377,,
1377,6867,1378,1351,tWS
1378,6867,1379,1350,cWW
1379,6867,1380,"1349,1361","cWW,cHS"
1380,6867,1381,1348,cWW
1381,6867,1382,1347,cWW
1382,6867,1383,1346,cWW
1383,6867,1384,1345,cWW
1384,6867,1385,,
1385,6867,1386,,
1386,6867,1387,,
1387,6867,1388,,
1388,6867,1389,1481,cWW
1389,6867,1390,1480,cWW
1390,6867,1391,1479,cWW
1391,6867,1392,1478,cWW
1392,6867,1393,,
1393,6867,1394,,
1394,6867,1395,1450,cWW
1395,6867,1396,1449,cWW
1396,6867,1397,1448,cWW
1397,6867,1398,,
1398,6867,1399,1447,cWW
1399,6867,1400,1446,cWW
1400,6867,1401,1445,cWW
1401,6867,1402,1404,cHW
1402,6867,1403,,
1403,6867,1404,1402,cWH
1404,6867,1405,1441,cWW
1405,6867,1406,1440,cWW
1406,6867,1407,,
1407,6867,1408,1438,cWW
1408,6867,1409,1437,cWW
1409,6867,1410,,
1410,6867,1411,,
1411,6867,1412,,
1412,6867,1413,1433,cWW
1413,6867,1414,"1431,1432","cWW,cWW"
1414,6867,1415,1431,cWW
1415,6867,1416,,
1416,6867,1417,,
1417,6867,1418,1429,cWW
1418,6867,1419,1428,cWW
1419,6867,1420,1427,cWW
1420,6867,1421,1426,cWW
1421,6867,1422,,
1422,6867,1423,,
1423,6867,1424,,
1424,6867,1425,,
1425,6867,1426,1421,cWW
1426,6867,1427,1420,cWW
1427,6867,1428,1419,cWW
1428,6867,1429,1418,cWW
1429,6867,1430,,
1430,6867,1431,"1414,1415","cWW,cWW"
1431,6867,1432,1414,cWW
1432,6867,1433,1413,cWW
1433,6867,1434,,
1434,6867,1435,,
1435,6867,1436,,
1436,6867,1437,1409,cWW
1437,6867,1438,1408,cWW
1438,6867,1439,,
1439,6867,1440,1406,cWW
1440,6867,1441,1405,cWW
1441,6867,1442,,
1442,6867,1443,,
1443,6867,1444,,
1444,6867,1445,1401,cWW
1445,6867,1446,1400,cWW
1446,6867,1447,1399,cWW
1447,6867,1448,1397,cWW
1448,6867,1449,1396,cWW
1449,6867,1450,1395,cWW
1450,6867,1451,1474,tSW
1451,6867,1452,,
1452,6867,1453,1476,cWW
1453,6867,1454,"1467,1468","cWH,tWH"
1454,6867,1455,,
1455,6867,1456,1470,cWW
1456,6867,1457,1469,cWW
1457,6867,1458,1468,cWW
1458,6867,1459,1467,cWW
1459,6867,1460,1466,cWW
1460,6867,1461,1465,tWH
1461,6867,1462,,
1462,6867,1463,,
1463,6867,1464,,
1464,6867,1465,"1366,1461","tWS,tHW"
1465,6867,1466,1460,cWW
1466,6867,1467,"1454,1459","cHW,cWW"
1467,6867,1468,"1454,1458","tHW,cWW"
1468,6867,1469,1457,cWW
1469,6867,1470,1456,cWW
1470,6867,1471,1473,cWW
1471,6867,1472,,
1472,6867,1473,1471,cWW
1473,6867,1474,1451,tWS
1474,6867,1475,,
1475,6867,1476,1453,cWW
1476,6867,1477,,
1477,6867,1478,"1392,1648","cWW,cSW"
1478,6867,1479,1391,cWW
1479,6867,1480,1390,cWW
1480,6867,1481,1389,cWW
1481,6867,1482,,
1482,6867,1483,,
1483,6867,1484,,
1484,6867,1485,1341,tWW
1485,6867,1486,1340,cWW
1486,6867,1487,1339,cWW
1487,6867,1488,1338,cWW
1488,6867,1489,,
1489,6867,1490,1337,cWW
1490,6867,1491,1336,cWW
1491,6867,1492,1335,cWW
1492,6867,1493,"1332,1499","tWH,tSW"
1493,6867,1494,,
1494,6867,1495,,
1495,6867,1496,1334,c.W
1496,6867,1497,,
1497,6867,1498,1333,cWW
1498,6867,1499,"1332,1493","cWW,tWS"
1499,6867,1500,1329,cWW
1500,6867,1501,1328,cWW
1501,6867,1502,1327,cWW
1502,6867,1503,1325,cWW
1503,6867,1504,1324,cWW
1504,6867,1505,1323,cWW
1505,6867,1506,,
1506,6867,1507,,
1507,6867,1508,,
1508,6867,1509,,
1509,6867,1510,1272,cWW
1510,6867,1511,1271,cWW
1511,6867,1512,1270,cWW
1512,6867,1513,1269,cWW
1513,6867,1514,1268,cWW
1514,6867,1515,1267,cWW
1515,6867,1516,"1241,1266","tSW,cWW"
1516,6867,1517,1263,cWH
1517,6867,1518,,
1518,6867,1519,,
1519,6867,1520,1237,cWW
1520,6867,1521,1236,cWW
1521,6867,1522,,
1522,6867,1523,1235,cWW
1523,6867,1524,1234,cWW
1524,6867,1525,1233,cWW
1525,6867,1526,1232,cWW
1526,6867,1527,1231,cWW
1527,6867,1528,1230,cWW
1528,6867,1529,"1229,1665","cWW,cSS"
1529,6867,1530,1228,cWW
1530,6867,1531,1227,cWW
1531,6867,1532,1638,cWW
1532,6867,1533,1536,cWS
1533,6867,1534,,
1534,6867,1535,,
1535,6867,1536,"1533,1597","cSW,cWW"
1536,6867,1537,1596,cWW
1537,6867,1538,,
1538,6867,1539,1594,cWW
1539,6867,1540,1593,cWW
1540,6867,1541,1592,cWW
1541,6867,1542,,
1542,6867,1543,,
1543,6867,1544,,
1544,6867,1545,,
1545,6867,1546,,
1546,6867,1547,,
1547,6867,1548,,
1548,6867,1549,1584,cWW
1549,6867,1550,"1559,1582","tSS,cWW"
1550,6867,1551,,
1551,6867,1552,1578,tHW
1552,6867,1553,,
1553,6867,1554,,
1554,6867,1555,,
1555,6867,1556,,
1556,6867,1557,,
1557,6867,1558,1577,cWW
1558,6867,1559,"1550,1576","tSS,cWW"
1559,6867,1560,"1575,1576","cWW,cWW"
1560,6867,1561,1574,tHW
1561,6867,1562,1573,cWW
1562,6867,1563,1572,cWW
1563,6867,1564,1571,cWW
1564,6867,1565,1570,cWW
1565,6867,1566,1569,tSH
1566,6867,1567,,
1567,6867,1568,,
1568,6867,1569,"1566,1613","tHS,tSS"
1569,6867,1570,1565,cWW
1570,6867,1571,1564,cWW
1571,6867,1572,1563,cWW
1572,6867,1573,1562,cWW
1573,6867,1574,1561,tWH
1574,6867,1575,1560,cWW
1575,6867,1576,"1559,1560,1582","cWW,cWW,cSS"
1576,6867,1577,1558,cWW
1577,6867,1578,1552,tWH
1578,6867,1579,,
1579,6867,1580,,
1580,6867,1581,,
1581,6867,1582,"1550,1576","cWW,cSS"
1582,6867,1583,,
1583,6867,1584,1549,cWW
1584,6867,1585,,
1585,6867,1586,,
1586,6867,1587,,
1587,6867,1588,1671,tWS
1588,6867,1589,,
1589,6867,1590,,
1590,6867,1591,,
1591,6867,1592,1541,cWW
1592,6867,1593,1540,cWW
1593,6867,1594,1539,cWW
1594,6867,1595,,
1595,6867,1596,1537,cWW
1596,6867,1597,1536,cWW
1597,6867,1598,,
1598,6867,1599,,
1599,6867,1600,,
1600,6867,1601,,
1601,6867,1602,,
1602,6867,1603,,
1603,6867,1604,1635,cWW
1604,6867,1605,1634,tSH
1605,6867,1606,,
1606,6867,1607,1632,tHS
1607,6867,1608,1631,cWW
1608,6867,1609,1630,cWW
1609,6867,1610,1629,cWW
1610,6867,1611,1628,cWW
1611,6867,1612,1627,cWW
1612,6867,1613,"1569,1626","tSS,cWW"
1613,6867,1614,1625,cWW
1614,6867,1615,,
1615,6867,1616,1661,cSS
1616,6867,1617,1260,tSW
1617,6867,1618,1261,tHW
1618,6867,1619,,
1619,6867,1620,,
1620,6867,1621,,
1621,6867,1622,,
1622,6867,1623,,
1623,6867,1624,1625,cWH
1624,6867,1625,"1614,1624","cWW,cHW"
1625,6867,1626,1613,cWW
1626,6867,1627,1612,cWW
1627,6867,1628,1611,cWW
1628,6867,1629,1610,cWW
1629,6867,1630,1609,cWW
1630,6867,1631,1608,cWW
1631,6867,1632,1607,tSH
1632,6867,1633,,
1633,6867,1634,1605,tHS
1634,6867,1635,1604,cWW
1635,6867,1636,,
1636,6867,1637,,
1637,6867,1638,1532,cWW
1638,6867,1639,,
1639,6867,1640,"0,1226","tSS,tHS"
1640,6867,1641,1225,cWW
1641,6867,1642,1224,cWW
1642,6867,1643,1223,cWW
1643,6867,1644,1222,cWW
1644,6867,1645,1221,cWW
1645,6867,1646,,
1646,6867,1647,,
1647,6867,1648,1478,cWS
1648,6867,1649,,
1649,6867,1650,1674,tHS
1650,6867,1651,1673,cWW
1651,6867,1652,1672,cWW
1652,6867,1653,1671,cWW
1653,6867,1654,1670,cWW
1654,6867,1655,1669,cWW
1655,6867,1656,1668,cWW
1656,6867,1657,1667,cWW
1657,6867,1658,1666,cWW
1658,6867,1659,,
1659,6867,1660,,
1660,6867,1661,1616,cSS
1661,6867,1662,,
1662,6867,1663,,
1663,6867,1664,,
1664,6867,1665,1529,cSS
1665,6867,1666,1658,cWW
1666,6867,1667,1657,cWW
1667,6867,1668,1656,cWW
1668,6867,1669,1655,cWW
1669,6867,1670,1654,cWW
1670,6867,1671,"1588,1653","tSW,cWW"
1671,6867,1672,1652,cWW
1672,6867,1673,1651,cWW
1673,6867,1674,1650,tSH
1674,6867,1675,,
1675,6867,1676,,
1676,6867,1677,1678,cWH
1677,6867,1678,1677,cHW
1678,6867,1679,,
1679,6867,1680,"1218,1682","cWW,cSW"
1680,6867,1681,1217,cWW
1681,6867,1682,1680,cWS
1682,6867,1683,1685,cHH
1683,6867,1684,,
1684,6867,1685,"1214,1217,1683","cWW,cWS,cHH"
1685,6867,1686,1213,cWW
1686,6867,1687,,
1687,6867,1688,1212,cWW
1688,6867,1689,1211,cWW
1689,6867,1690,,
1690,6867,1691,1208,cWW
1691,6867,1692,1206,cWW
1692,6867,1693,1205,cWW
1693,6867,1694,1204,cWW
1694,6867,1695,,
1695,6867,1696,1203,cWH
1696,6867,1697,1202,cWW
1697,6867,1698,0,cWW
1698,6867,1699,1203,tSH
1699,6867,1700,1836,cWW
1700,6867,1701,,
1701,6867,1702,1833,cWW
1702,6867,1703,1832,cWW
1703,6867,1704,1831,cSW
1704,6867,1705,1829,cWW
1705,6867,1706,"1828,1850","cWW,cSS"
1706,6867,1707,1827,cWW
1707,6867,1708,1826,cWW
1708,6867,1709,1825,cWW
1709,6867,1710,1823,cW.
1710,6867,1711,"1822,1823","cWW,cWW"
1711,6867,1712,1821,cWW
1712,6867,1713,1820,cWW
1713,6867,1714,1819,cWW
1714,6867,1715,1818,cWW
1715,6867,1716,1817,cWW
1716,6867,1717,1816,cWW
1717,6867,1718,1815,tSH
1718,6867,1719,1814,tHS
1719,6867,1720,1813,cWW
1720,6867,1721,,
1721,6867,1722,1812,cWW
1722,6867,1723,1811,cWW
1723,6867,1724,1810,cWW
1724,6867,1725,1809,cWW
1725,6867,1726,1808,cWW
1726,6867,1727,1807,cWW
1727,6867,1728,1806,cWW
1728,6867,1729,1805,cWW
1729,6867,1730,1804,cWW
1730,6867,1731,1803,cWW
1731,6867,1732,1802,cWW
1732,6867,1733,1801,cWW
1733,6867,1734,1800,tSH
1734,6867,1735,1799,tHS
1735,6867,1736,1798,cWW
1736,6867,1737,,
1737,6867,1738,1796,cWW
1738,6867,1739,1795,cWW
1739,6867,1740,1794,cWW
1740,6867,1741,,
1741,6867,1742,1792,cWW
1742,6867,1743,1791,tSH
1743,6867,1744,1790,tSH
1744,6867,1745,1789,tWS
1745,6867,1746,1788,cWW
1746,6867,1747,1787,cWW
1747,6867,1748,1786,cWW
1748,6867,1749,1785,cWW
1749,6867,1750,1784,cWW
1750,6867,1751,,
1751,6867,1752,1780,cWW
1752,6867,1753,1779,cWW
1753,6867,1754,1778,cWW
1754,6867,1755,1777,cWW
1755,6867,1756,1776,cWW
1756,6867,1757,1775,cWW
1757,6867,1758,1774,cWW
1758,6867,1759,1773,cWW
1759,6867,1760,1772,cWW
1760,6867,1761,1771,cWW
1761,6867,1762,1770,cWW
1762,6867,1763,1769,cWW
1763,6867,1764,1769,cHW
1764,6867,1765,,
1765,6867,1766,,
1766,6867,1767,,
1767,6867,1768,,
1768,6867,1769,"1763,1764","cWW,cWH"
1769,6867,1770,1762,cWW
1770,6867,1771,1761,cWW
1771,6867,1772,1760,cWW
1772,6867,1773,1759,cWW
1773,6867,1774,1758,cWW
1774,6867,1775,1757,cWW
1775,6867,1776,1756,cWW
1776,6867,1777,1755,cWW
1777,6867,1778,1754,cWW
1778,6867,1779,1753,cWW
1779,6867,1780,1752,cWW
1780,6867,1781,,
1781,6867,1782,,
1782,6867,1783,,
1783,6867,1784,1750,cWW
1784,6867,1785,1749,cWW
1785,6867,1786,1748,cWW
1786,6867,1787,1747,cWW
1787,6867,1788,1746,cWW
1788,6867,1789,1745,tSW
1789,6867,1790,1744,tHS
1790,6867,1791,1743,tHS
1791,6867,1792,1742,cWW
1792,6867,1793,,
1793,6867,1794,1740,cWW
1794,6867,1795,1739,cWW
1795,6867,1796,1738,cWW
1796,6867,1797,,
1797,6867,1798,1736,cWW
1798,6867,1799,1735,tSH
1799,6867,1800,1734,tHS
1800,6867,1801,1733,cWW
1801,6867,1802,1732,cWW
1802,6867,1803,1731,cWW
1803,6867,1804,1730,cWW
1804,6867,1805,1729,cWW
1805,6867,1806,1728,cWW
1806,6867,1807,1727,cWW
1807,6867,1808,1726,cWW
1808,6867,1809,1725,cWW
1809,6867,1810,1724,cWW
1810,6867,1811,1723,cWW
1811,6867,1812,1722,cWW
1812,6867,1813,1720,cWW
1813,6867,1814,1719,tSH
1814,6867,1815,1718,tHS
1815,6867,1816,1717,cWW
1816,6867,1817,1716,cWW
1817,6867,1818,1715,cWW
1818,6867,1819,1714,cWW
1819,6867,1820,1713,cWW
1820,6867,1821,1712,cWW
1821,6867,1822,1711,cWW
1822,6867,1823,"1710,1711","c.W,cWW"
1823,6867,1824,,
1824,6867,1825,1709,cWW
1825,6867,1826,1708,cWW
1826,6867,1827,1707,cWW
1827,6867,1828,"1706,1849","cWW,tSW"
1828,6867,1829,"1705,1851","cWW,tSS"
1829,6867,1830,,
1830,6867,1831,1704,cWS
1831,6867,1832,1703,cWW
1832,6867,1833,1702,cWW
1833,6867,1834,1205,tHS
1834,6867,1835,,
1835,6867,1836,1700,cWW
1836,6867,1837,,
1837,6867,1838,,
1838,6867,1839,1860,cWW
1839,6867,1840,1859,cWW
1840,6867,1841,1858,cWW
1841,6867,1842,1857,cWW
1842,6867,1843,"1035,1856","tSS,cWW"
1843,6867,1844,1855,cWW
1844,6867,1845,1854,cWW
1845,6867,1846,1853,cWW
1846,6867,1847,1852,cWW
1847,6867,1848,,
1848,6867,1849,1828,tWS
1849,6867,1850,1706,cSS
1850,6867,1851,1829,tSS
1851,6867,1852,1847,cWW
1852,6867,1853,1846,cWW
1853,6867,1854,1845,cWW
1854,6867,1855,1844,cWW
1855,6867,1856,1843,cWW
1856,6867,1857,1842,cWW
1857,6867,1858,1841,cWW
1858,6867,1859,1840,cWW
1859,6867,1860,1839,cWW
1860,6867,1861,1085,cWW
1861,6867,1862,,
1862,6867,1863,,
1863,6867,1864,,
1864,6867,1865,,
1865,6867,1866,,
1866,6867,1867,,
1867,6867,1868,,
1868,6867,1869,,
